Job ID,Job URL,Job Title,Company Name,Status,Timestamp,WP ID
487229ff8caca6a2,https://dz.linkedin.com/jobs/view/merchandiser-4471727268,Merchandiser,High standard campany,posted,2026-09-30T18:30:05.961242,14442.0
1a1c975e091373b7,https://dz.linkedin.com/jobs/view/video-editor-at-the-flex-4472003103,Video Editor,The Flex,posted,2026-09-30T18:30:43.438896,3436.0
3d967b81316609b9,https://dz.linkedin.com/jobs/view/ai-product-engineer-backend-node-js-at-smeetz-4472763920,"AI Product Engineer (Backend, Node.js)",Smeetz,posted,2026-09-30T18:31:12.211071,14304.0
a600ea2e4ce58991,https://dz.linkedin.com/jobs/view/hotel-cleanliness-expert-at-marriott-international-4473734849,Hotel Cleanliness Expert,Marriott International,posted,2026-09-30T18:31:32.939092,7703.0
9ab630cabb39f062,https://dz.linkedin.com/jobs/view/video-editor-at-the-flex-4472005088,Video Editor,The Flex,posted,2026-09-30T18:32:08.488181,3436.0
e11efc8d86d8536f,https://dz.linkedin.com/jobs/view/architecte-4471763448,Architecte,Bureau d etude benatsou,posted,2026-09-30T18:32:13.192517,437.0
6723cc804a397420,https://dz.linkedin.com/jobs/view/hr-business-partner-at-confidentiel-4470574401,HR Business Partner,Confidentiel,posted,2026-09-30T18:32:34.243729,14257.0
640bcb202e029029,https://dz.linkedin.com/jobs/view/handy-man-at-marriott-international-4473750048,Handy Man,Marriott International,posted,2026-09-30T18:32:54.130970,8643.0
735778fa4ec4b8e3,https://dz.linkedin.com/jobs/view/comptable-at-seaal-4472130978,Comptable,SEAAL,posted,2026-09-30T18:33:55.199722,3311.0
7d9375460224af94,https://dz.linkedin.com/jobs/view/comptable-senior-4412811720,Comptable senior,Société de gardiennage,posted,2026-09-30T18:34:00.024236,6624.0
44701381a5f548aa,https://dz.linkedin.com/jobs/view/support-commercial-et-marketing-at-axa-partners-4463128187,Support Commercial et Marketing,AXA Partners,posted,2026-09-30T18:34:18.839196,12916.0
137cf244ff63865b,https://dz.linkedin.com/jobs/view/reliability-engineer-at-danone-4464328569,Reliability Engineer,Danone,posted,2026-09-30T18:34:43.480251,13078.0
47a025bdf30509c0,https://dz.linkedin.com/jobs/view/lead-controls-technical-field-advisor-at-fieldcore-4472187768,Lead Controls Technical Field Advisor,FieldCore,failed|wp_post_failed,2026-09-30T18:35:14.656218,
b64538435fc045b8,https://dz.linkedin.com/jobs/view/juriste-at-totalenergies-4472758461,Juriste,TotalEnergies,posted,2026-09-30T18:35:33.522439,6171.0
66a0ccf0881db964,https://dz.linkedin.com/jobs/view/automation-engineer-at-sanofi-4473223988,Automation Engineer,Sanofi,failed|wp_post_failed,2026-09-30T18:35:58.290608,
1bbc09d5c2414816,https://dz.linkedin.com/jobs/view/sales-engineer-at-enerpac-tool-group-4452280411,Sales Engineer,Enerpac Tool Group,posted,2026-09-30T18:36:19.161143,12149.0
9511135cb307dcf5,https://dz.linkedin.com/jobs/view/directeur-financier-et-comptable-4469758921,Directeur financier et comptable,NACICO,posted,2026-09-30T18:36:24.405197,14196.0
0c801f1272775c42,https://dz.linkedin.com/jobs/view/sr-supervisor-consumer-engagement-deployment-center-at-philip-morris-international-4471489453,Sr Supervisor Consumer Engagement Deployment Center,Philip Morris International,posted,2026-09-30T18:36:52.398974,14198.0
1ad4ed8f4ebe50fd,https://dz.linkedin.com/jobs/view/ing%C3%A9nieure-chimiste-at-sika-4464785144,Ingénieure chimiste,Sika,failed|wp_post_failed,2026-09-30T18:37:33.404380,
46dbb829e1da508b,https://dz.linkedin.com/jobs/view/comptable-at-totalenergies-4452487698,Comptable,TotalEnergies,posted,2026-09-30T18:37:50.057924,3311.0
6e74a72d5cdff011,https://dz.linkedin.com/jobs/view/commis-cuisine-at-le-m%C3%A9ridien-hotels-resorts-4471950720,Commis Cuisine,Le Méridien Hotels & Resorts,posted,2026-09-30T18:38:18.619188,5803.0
615baf1fe5e533b9,https://dz.linkedin.com/jobs/view/ing%C3%A9nieur-d%C3%A9veloppement-qualit%C3%A9-fournisseurs-h-f-at-segula-technologies-4444721626,Ingénieur Développement Qualité Fournisseurs (H/F),SEGULA Technologies,failed|wp_post_failed,2026-09-30T18:38:51.737001,
ecca13b20e108aa7,https://dz.linkedin.com/jobs/view/c%C3%B4ntroleur-qualit%C3%A9-at-sika-4464793028,Côntroleur qualité,Sika,failed|wp_post_failed,2026-09-30T18:39:31.486110,
89f20b0a9a06c0e6,https://dz.linkedin.com/jobs/view/business-development-sales-manager-1-at-alstom-4465997619,Business Development & Sales Manager 1,Alstom,posted,2026-09-30T18:39:59.279862,13803.0
7ec3960be023f16e,https://dz.linkedin.com/jobs/view/driver-acquisition-agent-oran-at-yassir-4471152490,Driver Acquisition Agent (Oran),Yassir,posted,2026-09-30T18:40:21.394587,14322.0
0a7af66c3383217f,https://dz.linkedin.com/jobs/view/data-economic-impact-analyst-at-ntu-international-a-s-4472013699,"Data, Economic & Impact Analyst",NTU International A/S,posted,2026-09-30T18:40:50.016007,14324.0
ec11dfb08c6f5629,https://dz.linkedin.com/jobs/view/resources-management-officer-rmo-p-call-for-expression-of-interest-at-iom-un-migration-4473721740,Resources Management Officer (RMO) (P) - Call for Expression of Interest,IOM - UN Migration,failed|wp_post_failed,2026-09-30T18:41:31.537076,
4e628a1634943d36,https://dz.linkedin.com/jobs/view/it-infrastructure-operations-manager-at-hsbc-4472725446,IT Infrastructure & Operations Manager,HSBC,posted,2026-09-30T18:41:53.407165,14326.0
b28c86306e2bd989,https://dz.linkedin.com/jobs/view/maintenance-engineer-automation-at-knauf-alg%C3%A9rie-4417098500,Maintenance Engineer Automation,Knauf Algérie,posted,2026-09-30T18:42:02.138964,822.0
0621c1d75c79ffef,https://dz.linkedin.com/jobs/view/commercial-sales-specialist-at-aitec-solutions-4472621214,Commercial Sales Specialist,AITEC Solutions,failed|wp_post_failed,2026-09-30T18:42:21.784331,
6c809ca48494dab2,https://dz.linkedin.com/jobs/view/operator-i-at-medline-4462541640,Operator I,Medline,posted,2026-09-30T18:42:42.259816,504.0
d2cf5bcd0cc30e45,https://dz.linkedin.com/jobs/view/people-operations-specialist-at-ez-edits-4472146254,People & Operations Specialist,EZ Edits,failed|wp_post_failed,2026-09-30T18:43:40.924545,
09ee74882a2e466f,https://dz.linkedin.com/jobs/view/ing%C3%A9nieur-administration-des-syst%C3%A8mes-at-ayrade-4471122177,Ingénieur Administration des systèmes,AYRADE,failed|wp_post_failed,2026-09-30T18:44:42.247190,
8351848904f92a3c,https://dz.linkedin.com/jobs/view/op%C3%A9rateur-machine-at-l-anonyme-4472609961,Opérateur machine,L'Anonyme,failed|wp_post_failed,2026-09-30T18:44:59.957622,
792f9b52f1831262,https://dz.linkedin.com/jobs/view/commercial-4470123530,Commercial,Indépendant,posted,2026-09-30T18:45:04.271782,795.0
0e4b408c72c8b807,https://dz.linkedin.com/jobs/view/agent-de-billetterie-r%C3%A9servations-4472178000,Agent de billetterie réservations,Brayan & luryx travel,failed|wp_post_failed,2026-09-30T18:45:22.236498,
fdfa79ba063bbf98,https://dz.linkedin.com/jobs/view/enseignant-4470565847,Enseignant,direction de l’éducation,posted,2026-09-30T18:45:27.437441,10052.0
20954a3497565bf0,https://dz.linkedin.com/jobs/view/early-career-talent-algeria-at-abbvie-4453983607,Early Career Talent - Algeria,AbbVie,posted,2026-09-30T18:45:48.112105,13550.0
7e16a58759c1fdc1,https://dz.linkedin.com/jobs/view/techno-commercial-manager-ran-cu-ena-at-ericsson-4454299339,Techno Commercial Manager RAN CU ENA,Ericsson,posted,2026-09-30T18:46:15.192392,12317.0
bc8cb57fdcd265cb,https://dz.linkedin.com/jobs/view/programme-associate-social-and-behaviour-change-at-un-volunteers-arab-states-4469733597,Programme Associate - Social and Behaviour Change,UN Volunteers Arab States,posted,2026-09-30T18:46:50.170920,14146.0
298bead879f26837,https://dz.linkedin.com/jobs/view/magasinier-pdr-at-laboratoires-pharmalliance-4472464283,Magasinier PDR,Laboratoires Pharmalliance,posted,2026-09-30T18:47:26.480343,14344.0
ccf7f6c1ba4fcb7b,https://dz.linkedin.com/jobs/view/stagiaire-en-qhse-at-lesaffre-4473203501,Stagiaire en QHSE,Lesaffre,posted,2026-09-30T18:47:56.658592,14430.0
6df8085e8728e935,https://dz.linkedin.com/jobs/view/t%C3%A9l%C3%A9op%C3%A9ratrice-at-gross-limited-distribution-4469681049,Téléopératrice,Gross Limited Distribution,failed|wp_post_failed,2026-09-30T18:48:17.572235,
7bf9c28295598613,https://dz.linkedin.com/jobs/view/offer-de-stage-d%C3%A9veloppeur-web-at-byte-x-4472621401,Offer de stage développeur web,BYTE X,failed|wp_post_failed,2026-09-30T18:49:21.910210,
8b04e4b89c35b106,https://dz.linkedin.com/jobs/view/chinese-turkish-german-and-italian-language-teacher-at-advanced-pathways-algeria-4471209231,"Chinese, Turkish, German And Italian Language Teacher",Advanced Pathways Algeria,posted,2026-09-30T18:49:43.572294,14484.0
38fcacf0822f1e0b,https://dz.linkedin.com/jobs/view/technico-commercial-e-reseau-at-boonka-4471759907,Technico-commercial(e) Reseau,BOONKA,failed|wp_post_failed,2026-09-30T18:50:01.324375,
1f0e6032e45de57c,https://dz.linkedin.com/jobs/view/%F0%9F%9A%80-business-development-professional-opportunity-performance-based-compensation-at-itpromo-business-growth-through-digital-innovation-4472018941,🚀 Business Development Professional Opportunity (Performance-Based Compensation),ITPromo : Solutions Intégrées de Marketing Digital et e-Commerce pour le Succès de Votre Entreprise,posted,2026-09-30T18:53:22.415724,14488.0
93669f5305a8c78b,https://dz.linkedin.com/jobs/view/d%C3%A9veloppement-commercial-at-cyberwave-4472712098,Développement commercial,CyberWave,failed|wp_post_failed,2026-09-30T18:54:08.998168,
bb0b6cc94fbdcbd6,https://dz.linkedin.com/jobs/view/stagiaire-rh-dz-h-f-at-kpmg-alg%C3%A9rie-4470853707,Stagiaire RH DZ (H/F),KPMG Algérie,posted,2026-09-30T18:54:15.646061,14494.0
99a300cdd277bfaf,https://dz.linkedin.com/jobs/view/commesso-commessa-addetto-a-vendita-%E2%80%93-appartenente-alle-categorie-protette-l-68-99-at-uniqlo-4470309684,"Commesso/ Commessa, Addetto/a vendita – Appartenente alle categorie protette (L. 68/99)",UNIQLO,failed|wp_post_failed,2026-09-30T18:54:55.203107,
8fa5876b5e551ece,https://dz.linkedin.com/jobs/view/research-policy-analyst-at-ntu-international-a-s-4471439885,Research & Policy Analyst,NTU International A/S,posted,2026-09-30T18:55:26.022302,14241.0
2f20b0d8f8a2e53c,https://dz.linkedin.com/jobs/view/area-sales-supervisor-at-bat-4460473216,Area Sales Supervisor,BAT,posted,2026-09-30T18:55:53.320622,12982.0
6c45059a996d8e06,https://dz.linkedin.com/jobs/view/data-monitoring-analyst-at-ntu-international-a-s-4471492185,Data & Monitoring Analyst,NTU International A/S,failed|wp_post_failed,2026-09-30T18:56:37.940561,
0217449692640bd0,https://dz.linkedin.com/jobs/view/sr-supervisor-business-unit-at-philip-morris-international-4473054702,Sr Supervisor Business Unit,Philip Morris International,posted,2026-09-30T18:57:05.546660,14420.0
0d5ff0d2f7561153,https://dz.linkedin.com/jobs/view/healthcare-nutrition-specialist-d%C3%A9l%C3%A9gu%C3%A9-m%C3%A9dical-tizi-ouzou-at-danone-4462806918,Healthcare Nutrition Specialist (Délégué Médical) -Tizi Ouzou,Danone,failed|wp_post_failed,2026-09-30T18:57:29.767511,
ee17ba2bee5edcb7,https://dz.linkedin.com/jobs/view/ing%C3%A9nieur-sst-h-s-engineer-at-knauf-alg%C3%A9rie-4471536089,Ingénieur SST/ H&S Engineer,Knauf Algérie,failed|wp_post_failed,2026-09-30T18:58:09.411654,
b3729e97a8eeb2d6,https://dz.linkedin.com/jobs/view/communication-knowledge-management-expert-at-ntu-international-a-s-4471602174,Communication & Knowledge Management Expert,NTU International A/S,failed|wp_post_failed,2026-09-30T18:58:53.401280,
76afee4ec6e3ff76,https://dz.linkedin.com/jobs/view/event-logistics-coordinator-at-ntu-international-a-s-4471629894,Event & Logistics Coordinator,NTU International A/S,posted,2026-09-30T18:59:23.487326,14168.0
50cecc47f6e1bb4c,https://dz.linkedin.com/jobs/view/healthcare-nutrition-specialist-medical-delegate-tizi-ouzou-at-danone-4462817085,Healthcare Nutrition Specialist (Medical Delegate) -Tizi Ouzou,Danone,posted,2026-09-30T18:59:48.976438,12929.0
db426d82b0d94f6d,https://dz.linkedin.com/jobs/view/communication-visibility-expert-at-ntu-international-a-s-4471431832,Communication & Visibility Expert,NTU International A/S,posted,2026-09-30T19:00:19.598998,14176.0
ed459438b3e339d7,https://dz.linkedin.com/jobs/view/consortium-project-director-at-ge-vernova-4473925285,Consortium Project Director,GE Vernova,failed|wp_post_failed,2026-09-30T19:00:37.999012,
cae6436bdd0f7d23,https://dz.linkedin.com/jobs/view/reliability-engineer-at-danone-4464328571,Reliability Engineer,Danone,scraped,2026-09-30T19:00:46.704399,
d5ef37081266d740,https://dz.linkedin.com/jobs/view/project-director-at-ge-vernova-4473932124,Project Director,GE Vernova,failed|wp_post_failed,2026-09-30T19:01:16.231549,
d6cb818f0c878a7d,https://dz.linkedin.com/jobs/view/commercial-b2c-%E2%80%93-%C3%A9nergie-100%25-t%C3%A9l%C3%A9travail-appels-sortants-at-sqwad-4470098860,Commercial B2C – Énergie - 100% Télétravail (Appels sortants),Sqwad,failed|wp_post_failed,2026-09-30T19:01:42.615245,
cd79c32a8c86ab15,https://dz.linkedin.com/jobs/view/commercial-b2c-%E2%80%93-%C3%A9nergie-100%25-t%C3%A9l%C3%A9travail-appels-sortants-at-sqwad-4470307663,Commercial B2C – Énergie - 100% Télétravail (Appels sortants),Sqwad,scraped,2026-09-30T19:01:51.410359,
9178d725d7f109ac,https://dz.linkedin.com/jobs/view/comptable-4472147375,Comptable,Sarl global fci,posted,2026-09-30T19:37:22.554235,3311.0
ebf661e5c56a64ee,https://dz.linkedin.com/jobs/view/juriste-charg%C3%A9e-les-affaires-juridiques-4471201182,Juriste chargée les affaires juridiques,Bet,failed|wp_post_failed,2026-09-30T19:37:57.570871,
e5e71159d33fbdba,https://dz.linkedin.com/jobs/view/infographiste-designer-c%C3%A9ramique-at-sarl-confort-ceram-4471273522,Infographiste / Designer Céramique,SARL CONFORT CERAM,failed|wp_post_failed,2026-09-30T19:38:30.917763,
114233e6bd35ff09,https://dz.linkedin.com/jobs/view/delivery-engineer-at-dahua-technology-mena-4471346383,Delivery Engineer,Dahua Technology MENA,posted,2026-09-30T19:39:38.009222,14474.0
2a55afe803c57fc3,https://dz.linkedin.com/jobs/view/administrative-support-at-indra-group-4471752764,Administrative Support,Indra Group,failed|wp_post_failed,2026-09-30T19:40:40.219094,
cc27ec16c08331cd,https://dz.linkedin.com/jobs/view/%C3%A9ducatrice-4469702377,Éducatrice,Centre de santé publique,failed|wp_post_failed,2026-09-30T19:40:55.573983,
615b55abc5d4a095,https://dz.linkedin.com/jobs/view/conseiller-e-juridique-2-at-international-committee-of-the-red-cross-icrc-4470129618,Conseiller(e) Juridique 2,International Committee of the Red Cross - ICRC,failed|wp_post_failed,2026-09-30T19:41:29.448528,
a7994bc230a72adf,https://dz.linkedin.com/jobs/view/commercial-e-closer-btoc-%E2%80%93-secteur-bancaire-100%25-t%C3%A9l%C3%A9travail-at-sqwad-4471538550,Commercial(e) / Closer BtoC – Secteur bancaire- 100% Télétravail,Sqwad,failed|wp_post_failed,2026-09-30T19:41:57.593019,
b579a681993284ed,https://dz.linkedin.com/jobs/view/engineer-electrical-duration-364-days-p4-at-united-nations-office-at-nairobi-4472178493,"ENGINEER, Electrical (Duration 364 days), P4",United Nations Office at Nairobi,failed|wp_post_failed,2026-09-30T19:42:50.239155,
8c6992f33f1559c1,https://dz.linkedin.com/jobs/view/sales-associate-key-sales-seasonal-opportunities-banter-by-piercing-pagoda-arbor-place-douglasville-ga-at-signet-jewelers-4267333808,"Sales Associate / Key Sales / Seasonal Opportunities - Banter by Piercing Pagoda - Arbor Place - Douglasville, GA",Signet Jewelers,failed|wp_post_failed,2026-09-30T19:43:22.172549,
bd31a2e7de249bb8,https://dz.linkedin.com/jobs/view/packet-core-support-solution-architect-at-ericsson-4471351346,Packet core Support Solution Architect,Ericsson,failed|wp_post_failed,2026-09-30T19:44:01.130592,
3a53ceac306022f5,https://dz.linkedin.com/jobs/view/video-editor-at-the-flex-4472007040,Video Editor,The Flex,posted,2026-09-30T19:44:36.379041,3436.0
1a80bcd5546ee321,https://dz.linkedin.com/jobs/view/ict-digital-modernisation-expert-at-ntu-international-a-s-4471421413,ICT & Digital Modernisation Expert,NTU International A/S,posted,2026-09-30T19:45:17.143551,14180.0
a2df592c52ef3350,https://dz.linkedin.com/jobs/view/diplomatic-training-expert-at-ntu-international-a-s-4471414424,Diplomatic Training Expert,NTU International A/S,posted,2026-09-30T19:45:45.179069,14288.0
8a8b40bd31d795b3,https://dz.linkedin.com/jobs/view/institutional-cooperation-expert-at-ntu-international-a-s-4471196770,Institutional Cooperation Expert,NTU International A/S,posted,2026-09-30T19:46:13.065934,14247.0
e4c09a6a91e8deab,https://dz.linkedin.com/jobs/view/administrative-financial-reform-expert-at-ntu-international-a-s-4471432052,Administrative & Financial Reform Expert,NTU International A/S,posted,2026-09-30T19:46:40.599588,14245.0
2793a9428c3d856e,https://dz.linkedin.com/jobs/view/commercial-e-s%C3%A9dentaire-region-de-blida-at-interimeo-4472176468,Commercial(e) sédentaire;Region de Blida,Interimeo,failed|wp_post_failed,2026-09-30T20:55:35.854452,
a3b36510b642dd83,https://dz.linkedin.com/jobs/view/product-designer-at-the-flex-4472299381,Product Designer,The Flex,posted,2026-09-30T20:56:28.219323,14350.0
f77634c282f2f8fa,https://dz.linkedin.com/jobs/view/technicien-en-%C3%A9lectricit%C3%A9-at-sofitel-4471397070,Technicien en électricité,Sofitel,failed|wp_post_failed,2026-09-30T20:57:32.571519,
bd8c9b7dd31bdfab,https://dz.linkedin.com/jobs/view/brand-marketing-manager-at-kaouafood-4472634910,Brand Marketing  Manager,Kaouafood,failed|wp_post_failed,2026-10-01T01:25:53.145778,
fbf98226c2c64923,https://dz.linkedin.com/jobs/view/plombier-4472629900,Plombier,Belkheir plombier,failed|wp_post_failed,2026-10-01T01:26:24.585907,
433b58dd1944983d,https://dz.linkedin.com/jobs/view/ing%C3%A9nieur-syst%C3%A8mes-4473749355,Ingénieur systèmes,Établissement Public hospitalier collo,failed|wp_post_failed,2026-10-01T01:27:07.374185,
8e391fa1884339b3,https://dz.linkedin.com/jobs/view/full-stack-app-developer-automations-%2B-apis-at-lxd-4473986153,Full Stack App Developer (Automations + APIs),LXD,failed|wp_post_failed,2026-10-01T01:28:02.670122,
267e14a957804f29,https://dz.linkedin.com/jobs/view/commercial-e-closer-btoc-%E2%80%93-secteur-bancaire-100%25-t%C3%A9l%C3%A9travail-at-sqwad-4470852507,Commercial(e) / Closer BtoC – Secteur bancaire- 100% Télétravail,Sqwad,failed|wp_post_failed,2026-10-01T01:28:57.477222,
